project_name	publication_year	publication_doi	site_name	latitude	longitude	geo_loc_name	study_primary_focus	sequence_name	depth	sample_name	sample_age	sample_age_doi	feature	material	sampling_date	archive	archive_project	archive_accession
Ahmed2018	2018	10.1016/j.quascirev.2017.11.037	Hässeldala Port	56.16	15.01	Sweden	microbial	Sediment core #7.4	435	HA1.1	13900	10.3389/fevo.2019.00189	lake	lake sediment	2015	ENA	PRJNA378719	SRS2040659
Gaok2016	2016	10.1038/srep20174	HuaBei Ba19	NA	NA	China	ecological		NA	AHBB4	NA	NA	petroleum reservoir	Oil–water mixture	NA	SRA	PRJNA271507	SRS1087512
Gao2016	2016	10.1038/srep20174	HuaBei Ba19	NA	NA	China	ecological		NA	AHBB3	NA	NA	petroleum reservoir	Oil–water mixture	NA	SRA	PRJNA271507	SRS1087511
Gao2016	2016	10.1038/srep20174	HuaBei Ba19	NA	NA	China	ecological		NA	AHBB2	NA	NA	petroleum reservoir	Oil–water mixture	NA	SRA	PRJNA271507	SRS1087510
Gao2016	2016	10.1038/srep20174	HuaBei Ba19	NA	NA	China	ecological		NA	AHBB1	NA	NA	petroleum reservoir	Oil–water mixture	NA	SRA	PRJNA271507	SRS1087509
Gao2016	2016	10.1038/srep20174	HuaBei Menggulin	NA	NA	China	ecological		NA	AHBM2	NA	NA	petroleum reservoir	Oil–water mixture	NA	SRA	PRJNA271507	SRS1087507
Gao2016	2016	10.1038/srep20174	HuaBei Menggulin	NA	NA	China	ecological		NA	AHBM1	NA	NA	petroleum reservoir	Oil–water mixture	NA	SRA	PRJNA271507	SRS1087499
Gao2016	2016	10.1038/srep20174	QinHai Yuexi 	NA	NA	China	ecological		NA	AQH2	NA	NA	petroleum reservoir	Oil–water mixture	NA	SRA	PRJNA271507	SRS1087494
Gao2016	2016	10.1038/srep20174	QinHai Yuejin 	NA	NA	China	ecological		NA	AQH1	NA	NA	petroleum reservoir	Oil–water mixture	NA	SRA	PRJNA271507	SRS1087394
Gao2016	2016	10.1038/srep20174	YanChang Yangmahe	NA	NA	China	ecological		NA	AYC2	NA	NA	petroleum reservoir	Oil–water mixture	NA	SRA	PRJNA271507	SRS1087490
Gao2016	2016	10.1038/srep20174	YanChang Yangmahe	NA	NA	China	ecological		NA	AYC13	NA	NA	petroleum reservoir	Oil–water mixture	NA	SRA	PRJNA271507	SRS1087391
Gao2016	2016	10.1038/srep20174	YanChang Yangmahe	NA	NA	China	ecological		NA	AYC11	NA	NA	petroleum reservoir	Oil–water mixture	NA	SRA	PRJNA271507	SRS1087390
Gao2016	2016	10.1038/srep20174	DaGang Shenvsi	NA	NA	China	ecological		NA	ADGS2	NA	NA	petroleum reservoir	Oil–water mixture	NA	SRA	PRJNA271507	SRS1087389
Gao2016	2016	10.1038/srep20174	DaGang Shenvsi	NA	NA	China	ecological		NA	ADGS1	NA	NA	petroleum reservoir	Oil–water mixture	NA	SRA	PRJNA271507	SRS1087388
Gao2016	2016	10.1038/srep20174	DaGang Kongdian	NA	NA	China	ecological		NA	ADGK3	NA	NA	petroleum reservoir	Oil–water mixture	NA	SRA	PRJNA271507	SRS1087387
Gao2016	2016	10.1038/srep20174	DaGang Kongdian	NA	NA	China	ecological		NA	ADGK2	NA	NA	petroleum reservoir	Oil–water mixture	NA	SRA	PRJNA271507	SRS1087386
Gao2016	2016	10.1038/srep20174	DaGang Gangxi 	NA	NA	China	ecological		NA	ADGX3	NA	NA	petroleum reservoir	Oil–water mixture	NA	SRA	PRJNA271507	SRS1087385
Gao2016	2016	10.1038/srep20174	DaGang Gangxi 	NA	NA	China	ecological		NA	ADGX2	NA	NA	petroleum reservoir	Oil–water mixture	NA	SRA	PRJNA271507	SRS1087384
Gao2016	2016	10.1038/srep20174	DaGang Gangxi 	NA	NA	China	ecological		NA	ADGX1	NA	NA	petroleum reservoir	Oil–water mixture	NA	SRA	PRJNA271507	SRS1087383
Gao2016	2016	10.1038/srep20174	DaGang Gangdong	NA	NA	China	ecological		NA	ADGD1	NA	NA	petroleum reservoir	Oil–water mixture	NA	SRA	PRJNA271507	SRS1087382
Gao2016	2016	10.1038/srep20174	ShengLi Zhongyiqu	NA	NA	China	ecological		NA	ASLZ2	NA	NA	petroleum reservoir	Oil–water mixture	NA	SRA	PRJNA271507	SRS1087380
Gao2016	2016	10.1038/srep20174	ShengLi Zhongyiqu	NA	NA	China	ecological		NA	ASLZ1	NA	NA	petroleum reservoir	Oil–water mixture	NA	SRA	PRJNA271507	SRS1087381
Gao2016	2016	10.1038/srep20174	ShengLi Gudaoxiqu	NA	NA	China	ecological		NA	ASLX2	NA	NA	petroleum reservoir	Oil–water mixture	NA	SRA	PRJNA271507	SRS1087379
Gao2016	2016	10.1038/srep20174	ShengLi Gudaoxiqu	NA	NA	China	ecological		NA	ASLX1	NA	NA	petroleum reservoir	Oil–water mixture	NA	SRA	PRJNA271507	SRS1087378
Gao2016	2016	10.1038/srep20174	LiaoHe DXing35	NA	NA	China	ecological		NA	ALHD2	NA	NA	petroleum reservoir	Oil–water mixture	NA	SRA	PRJNA271507	SRS1087377
Gao2016	2016	10.1038/srep20174	LiaoHe Jin45	NA	NA	China	ecological		NA	ALHJ2	NA	NA	petroleum reservoir	Oil–water mixture	NA	SRA	PRJNA271507	SRS1087376
Gao2016	2016	10.1038/srep20174	LiaoHe Shen84	NA	NA	China	ecological		NA	ALHS2	NA	NA	petroleum reservoir	Oil–water mixture	NA	SRA	PRJNA271507	SRS1087375
Gao2016	2016	10.1038/srep20174	LiaoHe Shen84	NA	NA	China	ecological		NA	ALHS1	NA	NA	petroleum reservoir	Oil–water mixture	NA	SRA	PRJNA271507	SRS1087371
Gao2016	2016	10.1038/srep20174	JiLin Honggang	NA	NA	China	ecological		NA	AJL2	NA	NA	petroleum reservoir	Oil–water mixture	NA	SRA	PRJNA271507	SRS1087353
Gao2016	2016	10.1038/srep20174	JiLin Honggang	NA	NA	China	ecological		NA	AJL1	NA	NA	petroleum reservoir	Oil–water mixture	NA	SRA	PRJNA271507	SRS1087351
Gao2016	2016	10.1038/srep20174	DaQing Toutai-AO	NA	NA	China	ecological		NA	ADQT2	NA	NA	petroleum reservoir	Oil–water mixture	NA	SRA	PRJNA271507	SRS1087352
Gao2016	2016	10.1038/srep20174	DaQing Toutai-AO	NA	NA	China	ecological		NA	ADQT1	NA	NA	petroleum reservoir	Oil–water mixture	NA	SRA	PRJNA271507	SRS1087350
Gao2016	2016	10.1038/srep20174	DaQing QingX-Wei1	NA	NA	China	ecological		NA	ADQQ3	NA	NA	petroleum reservoir	Oil–water mixture	NA	SRA	PRJNA271507	SRS1087349
Gao2016	2016	10.1038/srep20174	DaQing QingX-Wei1	NA	NA	China	ecological		NA	ADQQ1	NA	NA	petroleum reservoir	Oil–water mixture	NA	SRA	PRJNA271507	SRS1087348
Gao2016	2016	10.1038/srep20174	DaQing Beierqu 	NA	NA	China	ecological		NA	ADQS3	NA	NA	petroleum reservoir	Oil–water mixture	NA	SRA	PRJNA271507	SRS1087347
Gao2016	2016	10.1038/srep20174	DaQing Beierqu 	NA	NA	China	ecological		NA	ADQS2	NA	NA	petroleum reservoir	Oil–water mixture	NA	SRA	PRJNA271507	SRS1087346
Gao2016	2016	10.1038/srep20174	DaQing Beierqu 	NA	NA	China	ecological		NA	ADQS1	NA	NA	petroleum reservoir	Oil–water mixture	NA	SRA	PRJNA271507	SRS1087345
Gao2016	2016	10.1038/srep20174	DaQing Nanerqu 	NA	NA	China	ecological		NA	ADQY3	NA	NA	petroleum reservoir	Oil–water mixture	NA	SRA	PRJNA271507	SRS1087344
Gao2016	2016	10.1038/srep20174	DaQing Nanerqu 	NA	NA	China	ecological		NA	ADQY2	NA	NA	petroleum reservoir	Oil–water mixture	NA	SRA	PRJNA271507	SRS1087342
Gao2016	2016	10.1038/srep20174	DaQing Nanerqu 	NA	NA	China	ecological		NA	ADQY1	NA	NA	petroleum reservoir	Oil–water mixture	NA	SRA	PRJNA271507	SRS1087341
Gao2016	2016	10.1038/srep20174	XinJiang Liuzhongqu	NA	NA	China	ecological		NA	AXJL8	NA	NA	petroleum reservoir	Oil–water mixture	NA	SRA	PRJNA271507	SRS1087340
Gao2016	2016	10.1038/srep20174	XinJiang Liuzhongqu	NA	NA	China	ecological		NA	AXJL7	NA	NA	petroleum reservoir	Oil–water mixture	NA	SRA	PRJNA271507	SRS1087339
Gao2016	2016	10.1038/srep20174	XinJiang Liuzhongqu	NA	NA	China	ecological		NA	AXJL5	NA	NA	petroleum reservoir	Oil–water mixture	NA	SRA	PRJNA271507	SRS1087338
Gao2016	2016	10.1038/srep20174	XinJiang Liuzhongqu	NA	NA	China	ecological		NA	AXJL4	NA	NA	petroleum reservoir	Oil–water mixture	NA	SRA	PRJNA271507	SRS1087337
Gao2016	2016	10.1038/srep20174	XinJiang Liuzhongqu	NA	NA	China	ecological		NA	AXJL3	NA	NA	petroleum reservoir	Oil–water mixture	NA	SRA	PRJNA271507	SRS1087336
Gao2016	2016	10.1038/srep20174	XinJiang Liuzhongqu	NA	NA	China	ecological		NA	AXJL2	NA	NA	petroleum reservoir	Oil–water mixture	NA	SRA	PRJNA271507	SRS1087335
Gao2016	2016	10.1038/srep20174	XinJiang Qizhongqu	NA	NA	China	ecological		NA	AXJQ3	NA	NA	petroleum reservoir	Oil–water mixture	NA	SRA	PRJNA271507	SRS1087334
Gao2016	2016	10.1038/srep20174	XinJiang Qizhongqu	NA	NA	China	ecological		NA	AXJQ2	NA	NA	petroleum reservoir	Oil–water mixture	NA	SRA	PRJNA271507	SRS1087329
Gao2016	2016	10.1038/srep20174	XinJiang Qizhongqu	NA	NA	China	ecological		NA	AXJQ1	NA	NA	petroleum reservoir	Oil–water mixture	NA	SRA	PRJNA271507	SRS1087316
Gao2016	2016	10.1038/srep20174	HuaBei Ba19	NA	NA	China	ecological		NA	BHBB4	NA	NA	petroleum reservoir	Oil–water mixture	NA	SRA	PRJNA271507	SRS1087314
Gao2016	2016	10.1038/srep20174	HuaBei Ba19	NA	NA	China	ecological		NA	BHBB3	NA	NA	petroleum reservoir	Oil–water mixture	NA	SRA	PRJNA271507	SRS1087312
Gao2016	2016	10.1038/srep20174	HuaBei Ba19	NA	NA	China	ecological		NA	BHBB2	NA	NA	petroleum reservoir	Oil–water mixture	NA	SRA	PRJNA271507	SRS1087311
Gao2016	2016	10.1038/srep20174	HuaBei Ba19	NA	NA	China	ecological		NA	BHBB1	NA	NA	petroleum reservoir	Oil–water mixture	NA	SRA	PRJNA271507	SRS1087310
Gao2016	2016	10.1038/srep20174	HuaBei Menggulin	NA	NA	China	ecological		NA	BHBM2	NA	NA	petroleum reservoir	Oil–water mixture	NA	SRA	PRJNA271507	SRS1087309
Gao2016	2016	10.1038/srep20174	HuaBei Menggulin	NA	NA	China	ecological		NA	BHBM1	NA	NA	petroleum reservoir	Oil–water mixture	NA	SRA	PRJNA271507	SRS1087308
Gao2016	2016	10.1038/srep20174	QinHai Yuexi 	NA	NA	China	ecological		NA	BQH2	NA	NA	petroleum reservoir	Oil–water mixture	NA	SRA	PRJNA271507	SRS1087307
Gao2016	2016	10.1038/srep20174	QinHai Yuejin 	NA	NA	China	ecological		NA	BQH1	NA	NA	petroleum reservoir	Oil–water mixture	NA	SRA	PRJNA271507	SRS1087306
Gao2016	2016	10.1038/srep20174	YanChang Yangmahe	NA	NA	China	ecological		NA	BYC2	NA	NA	petroleum reservoir	Oil–water mixture	NA	SRA	PRJNA271507	SRS1087305
Gao2016	2016	10.1038/srep20174	YanChang Yangmahe	NA	NA	China	ecological		NA	BYC13	NA	NA	petroleum reservoir	Oil–water mixture	NA	SRA	PRJNA271507	SRS1087304
Gao2016	2016	10.1038/srep20174	YanChang Yangmahe	NA	NA	China	ecological		NA	BYC12	NA	NA	petroleum reservoir	Oil–water mixture	NA	SRA	PRJNA271507	SRS1087303
Gao2016	2016	10.1038/srep20174	YanChang Yangmahe	NA	NA	China	ecological		NA	BYC11	NA	NA	petroleum reservoir	Oil–water mixture	NA	SRA	PRJNA271507	SRS1087302
Gao2016	2016	10.1038/srep20174	DaGang Shenvsi	NA	NA	China	ecological		NA	BDGS2	NA	NA	petroleum reservoir	Oil–water mixture	NA	SRA	PRJNA271507	SRS1087301
Gao2016	2016	10.1038/srep20174	DaGang Shenvsi	NA	NA	China	ecological		NA	BDGS1	NA	NA	petroleum reservoir	Oil–water mixture	NA	SRA	PRJNA271507	SRS1087300
Gao2016	2016	10.1038/srep20174	DaGang Kongdian	NA	NA	China	ecological		NA	BDGK3	NA	NA	petroleum reservoir	Oil–water mixture	NA	SRA	PRJNA271507	SRS1087299
Gao2016	2016	10.1038/srep20174	DaGang Kongdian	NA	NA	China	ecological		NA	BDGK2	NA	NA	petroleum reservoir	Oil–water mixture	NA	SRA	PRJNA271507	SRS1087298
Gao2016	2016	10.1038/srep20174	DaGang Kongdian	NA	NA	China	ecological		NA	BDGK1	NA	NA	petroleum reservoir	Oil–water mixture	NA	SRA	PRJNA271507	SRS1087297
Gao2016	2016	10.1038/srep20174	DaGang Gangxi 	NA	NA	China	ecological		NA	BDGX3	NA	NA	petroleum reservoir	Oil–water mixture	NA	SRA	PRJNA271507	SRS1087296
Gao2016	2016	10.1038/srep20174	DaGang Gangxi 	NA	NA	China	ecological		NA	BDGX2	NA	NA	petroleum reservoir	Oil–water mixture	NA	SRA	PRJNA271507	SRS1087295
Gao2016	2016	10.1038/srep20174	DaGang Gangxi 	NA	NA	China	ecological		NA	BDGX1	NA	NA	petroleum reservoir	Oil–water mixture	NA	SRA	PRJNA271507	SRS1087294
Gao2016	2016	10.1038/srep20174	DaGang Gangdong	NA	NA	China	ecological		NA	BDGD2	NA	NA	petroleum reservoir	Oil–water mixture	NA	SRA	PRJNA271507	SRS1087293
Gao2016	2016	10.1038/srep20174	DaGang Gangdong	NA	NA	China	ecological		NA	BDGD1	NA	NA	petroleum reservoir	Oil–water mixture	NA	SRA	PRJNA271507	SRS1087292
Gao2016	2016	10.1038/srep20174	ShengLi Zhongyiqu	NA	NA	China	ecological		NA	BSLZ2	NA	NA	petroleum reservoir	Oil–water mixture	NA	SRA	PRJNA271507	SRS1087291
Gao2016	2016	10.1038/srep20174	ShengLi Zhongyiqu	NA	NA	China	ecological		NA	BSLZ1	NA	NA	petroleum reservoir	Oil–water mixture	NA	SRA	PRJNA271507	SRS1087290
Gao2016	2016	10.1038/srep20174	ShengLi Gudaoxiqu	NA	NA	China	ecological		NA	BSLX2	NA	NA	petroleum reservoir	Oil–water mixture	NA	SRA	PRJNA271507	SRS1087288
Gao2016	2016	10.1038/srep20174	ShengLi Gudaoxiqu	NA	NA	China	ecological		NA	BSLX1	NA	NA	petroleum reservoir	Oil–water mixture	NA	SRA	PRJNA271507	SRS1087289
Gao2016	2016	10.1038/srep20174	LiaoHe DXing35	NA	NA	China	ecological		NA	BLHD2	NA	NA	petroleum reservoir	Oil–water mixture	NA	SRA	PRJNA271507	SRS1087276
Gao2016	2016	10.1038/srep20174	LiaoHe DXing35	NA	NA	China	ecological		NA	BLHD1	NA	NA	petroleum reservoir	Oil–water mixture	NA	SRA	PRJNA271507	SRS1087274
Gao2016	2016	10.1038/srep20174	LiaoHe Jin45	NA	NA	China	ecological		NA	BLHJ2	NA	NA	petroleum reservoir	Oil–water mixture	NA	SRA	PRJNA271507	SRS1087273
Gao2016	2016	10.1038/srep20174	LiaoHe Jin45	NA	NA	China	ecological		NA	BLHJ1	NA	NA	petroleum reservoir	Oil–water mixture	NA	SRA	PRJNA271507	SRS1087272
Gao2016	2016	10.1038/srep20174	LiaoHe Shen84	NA	NA	China	ecological		NA	BLHS2	NA	NA	petroleum reservoir	Oil–water mixture	NA	SRA	PRJNA271507	SRS1087271
Gao2016	2016	10.1038/srep20174	LiaoHe Shen84	NA	NA	China	ecological		NA	BLHS1	NA	NA	petroleum reservoir	Oil–water mixture	NA	SRA	PRJNA271507	SRS1087270
Gao2016	2016	10.1038/srep20174	JiLin Honggang	NA	NA	China	ecological		NA	BJL2	NA	NA	petroleum reservoir	Oil–water mixture	NA	SRA	PRJNA271507	SRS1087233
Gao2016	2016	10.1038/srep20174	JiLin Honggang	NA	NA	China	ecological		NA	BJL1	NA	NA	petroleum reservoir	Oil–water mixture	NA	SRA	PRJNA271507	SRS1087231
Gao2016	2016	10.1038/srep20174	DaQing Toutai-AO	NA	NA	China	ecological		NA	BDQT2	NA	NA	petroleum reservoir	Oil–water mixture	NA	SRA	PRJNA271507	SRS1087229
Gao2016	2016	10.1038/srep20174	DaQing Toutai-AO	NA	NA	China	ecological		NA	BDQT1	NA	NA	petroleum reservoir	Oil–water mixture	NA	SRA	PRJNA271507	SRS1087225
Gao2016	2016	10.1038/srep20174	DaQing QingX-Wei1	NA	NA	China	ecological		NA	BDQQ3	NA	NA	petroleum reservoir	Oil–water mixture	NA	SRA	PRJNA271507	SRS1087215
Gao2016	2016	10.1038/srep20174	DaQing QingX-Wei1	NA	NA	China	ecological		NA	BDQQ2	NA	NA	petroleum reservoir	Oil–water mixture	NA	SRA	PRJNA271507	SRS1087212
Gao2016	2016	10.1038/srep20174	DaQing QingX-Wei1	NA	NA	China	ecological		NA	BDQQ1	NA	NA	petroleum reservoir	Oil–water mixture	NA	SRA	PRJNA271507	SRS1087211
Gao2016	2016	10.1038/srep20174	DaQing Beierqu 	NA	NA	China	ecological		NA	BDQS3	NA	NA	petroleum reservoir	Oil–water mixture	NA	SRA	PRJNA271507	SRS1087210
Gao2016	2016	10.1038/srep20174	DaQing Beierqu 	NA	NA	China	ecological		NA	BDQS2	NA	NA	petroleum reservoir	Oil–water mixture	NA	SRA	PRJNA271507	SRS1087209
Gao2016	2016	10.1038/srep20174	DaQing Beierqu 	NA	NA	China	ecological		NA	BDQS1	NA	NA	petroleum reservoir	Oil–water mixture	NA	SRA	PRJNA271507	SRS1087208
Gao2016	2016	10.1038/srep20174	DaQing Nanerqu 	NA	NA	China	ecological		NA	BDQY3	NA	NA	petroleum reservoir	Oil–water mixture	NA	SRA	PRJNA271507	SRS1087207
Gao2016	2016	10.1038/srep20174	DaQing Nanerqu 	NA	NA	China	ecological		NA	BDQY2	NA	NA	petroleum reservoir	Oil–water mixture	NA	SRA	PRJNA271507	SRS1087206
Gao2016	2016	10.1038/srep20174	DaQing Nanerqu 	NA	NA	China	ecological		NA	BDQY1	NA	NA	petroleum reservoir	Oil–water mixture	NA	SRA	PRJNA271507	SRS1087205
Gao2016	2016	10.1038/srep20174	XinJiang Liuzhongqu	NA	NA	China	ecological		NA	BXJL8	NA	NA	petroleum reservoir	Oil–water mixture	NA	SRA	PRJNA271507	SRS1087204
Gao2016	2016	10.1038/srep20174	XinJiang Liuzhongqu	NA	NA	China	ecological		NA	BXJL7	NA	NA	petroleum reservoir	Oil–water mixture	NA	SRA	PRJNA271507	SRS1087203
Gao2016	2016	10.1038/srep20174	XinJiang Liuzhongqu	NA	NA	China	ecological		NA	BXJL6	NA	NA	petroleum reservoir	Oil–water mixture	NA	SRA	PRJNA271507	SRS1087202
Gao2016	2016	10.1038/srep20174	XinJiang Liuzhongqu	NA	NA	China	ecological		NA	BXJL5	NA	NA	petroleum reservoir	Oil–water mixture	NA	SRA	PRJNA271507	SRS1087201
Gao2016	2016	10.1038/srep20174	XinJiang Liuzhongqu	NA	NA	China	ecological		NA	BXJL4	NA	NA	petroleum reservoir	Oil–water mixture	NA	SRA	PRJNA271507	SRS1087200
Gao2016	2016	10.1038/srep20174	XinJiang Liuzhongqu	NA	NA	China	ecological		NA	BXJL3	NA	NA	petroleum reservoir	Oil–water mixture	NA	SRA	PRJNA271507	SRS1087199
Gao2016	2016	10.1038/srep20174	XinJiang Liuzhongqu	NA	NA	China	ecological		NA	BXJL2	NA	NA	petroleum reservoir	Oil–water mixture	NA	SRA	PRJNA271507	SRS1087198
Gao2016	2016	10.1038/srep20174	XinJiang Liuzhongqu	NA	NA	China	ecological		NA	BXJL1	NA	NA	petroleum reservoir	Oil–water mixture	NA	SRA	PRJNA271507	SRS1087197
Gao2016	2016	10.1038/srep20174	XinJiang Qizhongqu	NA	NA	China	ecological		NA	BXJQ3	NA	NA	petroleum reservoir	Oil–water mixture	NA	SRA	PRJNA271507	SRS1087196
Gao2016	2016	10.1038/srep20174	XinJiang Qizhongqu	NA	NA	China	ecological		NA	BXJQ2	NA	NA	petroleum reservoir	Oil–water mixture	NA	SRA	PRJNA271507	SRS1087193
Gao2016	2016	10.1038/srep20174	XinJiang Qizhongqu	NA	NA	China	ecological		NA	BXJQ1	NA	NA	petroleum reservoir	Oil–water mixture	NA	SRA	PRJNA271507	SRS1087179
Gao2018	2018	10.1007/s00253-018-8766-2	Daqing Oil Field	46.60	124.90	China	industy	N2-D2-P40, N2-2-P140, N2-2-P141,  N2-D3-P40	NA	N2D3P40201408	NA	NA	petroleum reservoir	Oil–water mixture	2014	no	PRJNA349240	NA
Gao2018	2018	10.1007/s00253-018-8766-2	Daqing Oil Field	46.60	124.90	China	industy	N2-D2-P40, N2-2-P140, N2-2-P141,  N2-D3-P41	NA	N2D3P40201406	NA	NA	petroleum reservoir	Oil–water mixture	2014	no	PRJNA349240	NA
Gao2018	2018	10.1007/s00253-018-8766-2	Daqing Oil Field	46.60	124.90	China	industy	N2-D2-P40, N2-2-P140, N2-2-P141,  N2-D3-P42	NA	N2D3P40201404	NA	NA	petroleum reservoir	Oil–water mixture	2014	no	PRJNA349240	NA
Gao2018	2018	10.1007/s00253-018-8766-2	Daqing Oil Field	46.60	124.90	China	industy	N2-D2-P40, N2-2-P140, N2-2-P141,  N2-D3-P43	NA	N2D3P40201402	NA	NA	petroleum reservoir	Oil–water mixture	2014	no	PRJNA349240	NA
Gao2018	2018	10.1007/s00253-018-8766-2	Daqing Oil Field	46.60	124.90	China	industy	N2-D2-P40, N2-2-P140, N2-2-P141,  N2-D3-P44	NA	N2D3P40201312	NA	NA	petroleum reservoir	Oil–water mixture	2013	no	PRJNA349240	NA
Gao2018	2018	10.1007/s00253-018-8766-2	Daqing Oil Field	46.60	124.90	China	industy	N2-D2-P40, N2-2-P140, N2-2-P141,  N2-D3-P45	NA	N2D3P40201307	NA	NA	petroleum reservoir	Oil–water mixture	2013	no	PRJNA349240	NA
Gao2018	2018	10.1007/s00253-018-8766-2	Daqing Oil Field	46.60	124.90	China	industy	N2-D2-P40, N2-2-P140, N2-2-P141,  N2-D3-P46	NA	N2D3P40201304	NA	NA	petroleum reservoir	Oil–water mixture	2013	no	PRJNA349240	NA
Gao2018	2018	10.1007/s00253-018-8766-2	Daqing Oil Field	46.60	124.90	China	industy	N2-D2-P40, N2-2-P140, N2-2-P141,  N2-D3-P47	NA	N2D3P40201302	NA	NA	petroleum reservoir	Oil–water mixture	2013	no	PRJNA349240	NA
Gao2018	2018	10.1007/s00253-018-8766-2	Daqing Oil Field	46.60	124.90	China	industy	N2-D2-P40, N2-2-P140, N2-2-P141,  N2-D3-P48	NA	N2D3P40201207	NA	NA	petroleum reservoir	Oil–water mixture	2012	no	PRJNA349240	NA
Gao2018	2018	10.1007/s00253-018-8766-2	Daqing Oil Field	46.60	124.90	China	industy	N2-D2-P40, N2-2-P140, N2-2-P141,  N2-D3-P49	NA	N2D3P40201205	NA	NA	petroleum reservoir	Oil–water mixture	2012	no	PRJNA349240	NA
Gao2018	2018	10.1007/s00253-018-8766-2	Daqing Oil Field	46.60	124.90	China	industy	N2-D2-P40, N2-2-P140, N2-2-P141,  N2-D3-P50	NA	N2D3P40201203	NA	NA	petroleum reservoir	Oil–water mixture	2012	no	PRJNA349240	NA
Gao2018	2018	10.1007/s00253-018-8766-2	Daqing Oil Field	46.60	124.90	China	industy	N2-D2-P40, N2-2-P140, N2-2-P141,  N2-D3-P51	NA	N2D3P40201108	NA	NA	petroleum reservoir	Oil–water mixture	2011	no	PRJNA349240	NA
Gao2018	2018	10.1007/s00253-018-8766-2	Daqing Oil Field	46.60	124.90	China	industy	N2-D2-P40, N2-2-P140, N2-2-P141,  N2-D3-P52	NA	N2D2P40201410	NA	NA	petroleum reservoir	Oil–water mixture	2014	SRA	PRJNA349240	SRS1890866
Gao2018	2018	10.1007/s00253-018-8766-2	Daqing Oil Field	46.60	124.90	China	industy	N2-D2-P40, N2-2-P140, N2-2-P141,  N2-D3-P53	NA	N2D2P40201408	NA	NA	petroleum reservoir	Oil–water mixture	2014	SRA	PRJNA349240	SRS1890865
Gao2018	2018	10.1007/s00253-018-8766-2	Daqing Oil Field	46.60	124.90	China	industy	N2-D2-P40, N2-2-P140, N2-2-P141,  N2-D3-P54	NA	N2D2P40201404	NA	NA	petroleum reservoir	Oil–water mixture	2014	SRA	PRJNA349240	SRS1890863
Gao2018	2018	10.1007/s00253-018-8766-2	Daqing Oil Field	46.60	124.90	China	industy	N2-D2-P40, N2-2-P140, N2-2-P141,  N2-D3-P55	NA	N2D2P40201402; 	NA	NA	petroleum reservoir	Oil–water mixture	2014	SRA	PRJNA349240	SRS1890862
Gao2018	2018	10.1007/s00253-018-8766-2	Daqing Oil Field	46.60	124.90	China	industy	N2-D2-P40, N2-2-P140, N2-2-P141,  N2-D3-P56	NA	N2D2P40201312; 	NA	NA	petroleum reservoir	Oil–water mixture	2013	SRA	PRJNA349240	SRS1890860
Gao2018	2018	10.1007/s00253-018-8766-2	Daqing Oil Field	46.60	124.90	China	industy	N2-D2-P40, N2-2-P140, N2-2-P141,  N2-D3-P57	NA	N2D2P40201307; 	NA	NA	petroleum reservoir	Oil–water mixture	2013	SRA	PRJNA349240	SRS1890859
Gao2018	2018	10.1007/s00253-018-8766-2	Daqing Oil Field	46.60	124.90	China	industy	N2-D2-P40, N2-2-P140, N2-2-P141,  N2-D3-P58	NA	N2D2P40201304; 	NA	NA	petroleum reservoir	Oil–water mixture	2013	SRA	PRJNA349240	SRS1890856
Gao2018	2018	10.1007/s00253-018-8766-2	Daqing Oil Field	46.60	124.90	China	industy	N2-D2-P40, N2-2-P140, N2-2-P141,  N2-D3-P59	NA	N2D2P40201302; 	NA	NA	petroleum reservoir	Oil–water mixture	2013	SRA	PRJNA349240	SRS1890855
Gao2018	2018	10.1007/s00253-018-8766-2	Daqing Oil Field	46.60	124.90	China	industy	N2-D2-P40, N2-2-P140, N2-2-P141,  N2-D3-P60	NA	N2D2P40201211; 	NA	NA	petroleum reservoir	Oil–water mixture	2012	SRA	PRJNA349240	SRS1890853
Gao2018	2018	10.1007/s00253-018-8766-2	Daqing Oil Field	46.60	124.90	China	industy	N2-D2-P40, N2-2-P140, N2-2-P141,  N2-D3-P61	NA	N2D2P40201207; 	NA	NA	petroleum reservoir	Oil–water mixture	2012	SRA	PRJNA349240	SRS1890852
Gao2018	2018	10.1007/s00253-018-8766-2	Daqing Oil Field	46.60	124.90	China	industy	N2-D2-P40, N2-2-P140, N2-2-P141,  N2-D3-P62	NA	N2D2P40201205; 	NA	NA	petroleum reservoir	Oil–water mixture	2012	SRA	PRJNA349240	SRS1890851
Gao2018	2018	10.1007/s00253-018-8766-2	Daqing Oil Field	46.60	124.90	China	industy	N2-D2-P40, N2-2-P140, N2-2-P141,  N2-D3-P63	NA	N2D2P40201203; 	NA	NA	petroleum reservoir	Oil–water mixture	2012	SRA	PRJNA349240	SRS1890850
Gao2018	2018	10.1007/s00253-018-8766-2	Daqing Oil Field	46.60	124.90	China	industy	N2-D2-P40, N2-2-P140, N2-2-P141,  N2-D3-P64	NA	N22P141201410; 	NA	NA	petroleum reservoir	Oil–water mixture	2014	SRA	PRJNA349240	SRS1890848
Gao2018	2018	10.1007/s00253-018-8766-2	Daqing Oil Field	46.60	124.90	China	industy	N2-D2-P40, N2-2-P140, N2-2-P141,  N2-D3-P65	NA	N22P141201408; 	NA	NA	petroleum reservoir	Oil–water mixture	2014	SRA	PRJNA349240	SRS1890847
Gao2018	2018	10.1007/s00253-018-8766-2	Daqing Oil Field	46.60	124.90	China	industy	N2-D2-P40, N2-2-P140, N2-2-P141,  N2-D3-P66	NA	N22P141201406; 	NA	NA	petroleum reservoir	Oil–water mixture	2014	SRA	PRJNA349240	SRS1890846
Gao2018	2018	10.1007/s00253-018-8766-2	Daqing Oil Field	46.60	124.90	China	industy	N2-D2-P40, N2-2-P140, N2-2-P141,  N2-D3-P67	NA	N22P141201404; 	NA	NA	petroleum reservoir	Oil–water mixture	2014	SRA	PRJNA349240	SRS1890845
Gao2018	2018	10.1007/s00253-018-8766-2	Daqing Oil Field	46.60	124.90	China	industy	N2-D2-P40, N2-2-P140, N2-2-P141,  N2-D3-P68	NA	N22P141201402; 	NA	NA	petroleum reservoir	Oil–water mixture	2014	SRA	PRJNA349240	SRS1890844
Gao2018	2018	10.1007/s00253-018-8766-2	Daqing Oil Field	46.60	124.90	China	industy	N2-D2-P40, N2-2-P140, N2-2-P141,  N2-D3-P69	NA	N22P141201312; 	NA	NA	petroleum reservoir	Oil–water mixture	2013	SRA	PRJNA349240	SRS1890842
Gao2018	2018	10.1007/s00253-018-8766-2	Daqing Oil Field	46.60	124.90	China	industy	N2-D2-P40, N2-2-P140, N2-2-P141,  N2-D3-P70	NA	N22P141201307; 	NA	NA	petroleum reservoir	Oil–water mixture	2013	SRA	PRJNA349240	SRS1890841
Gao2018	2018	10.1007/s00253-018-8766-2	Daqing Oil Field	46.60	124.90	China	industy	N2-D2-P40, N2-2-P140, N2-2-P141,  N2-D3-P71	NA	N22P141201304; 	NA	NA	petroleum reservoir	Oil–water mixture	2013	SRA	PRJNA349240	SRS1890839
Gao2018	2018	10.1007/s00253-018-8766-2	Daqing Oil Field	46.60	124.90	China	industy	N2-D2-P40, N2-2-P140, N2-2-P141,  N2-D3-P72	NA	N22P141201302; 	NA	NA	petroleum reservoir	Oil–water mixture	2013	SRA	PRJNA349240	SRS1890838
Gao2018	2018	10.1007/s00253-018-8766-2	Daqing Oil Field	46.60	124.90	China	industy	N2-D2-P40, N2-2-P140, N2-2-P141,  N2-D3-P73	NA	N22P141201211; 	NA	NA	petroleum reservoir	Oil–water mixture	2012	SRA	PRJNA349240	SRS1890836
Gao2018	2018	10.1007/s00253-018-8766-2	Daqing Oil Field	46.60	124.90	China	industy	N2-D2-P40, N2-2-P140, N2-2-P141,  N2-D3-P74	NA	N22P141201207; 	NA	NA	petroleum reservoir	Oil–water mixture	2012	SRA	PRJNA349240	SRS1890834
Gao2018	2018	10.1007/s00253-018-8766-2	Daqing Oil Field	46.60	124.90	China	industy	N2-D2-P40, N2-2-P140, N2-2-P141,  N2-D3-P75	NA	N22P141201205; 	NA	NA	petroleum reservoir	Oil–water mixture	2012	SRA	PRJNA349240	SRS1890833
Gao2018	2018	10.1007/s00253-018-8766-2	Daqing Oil Field	46.60	124.90	China	industy	N2-D2-P40, N2-2-P140, N2-2-P141,  N2-D3-P76	NA	N22P141201108; 	NA	NA	petroleum reservoir	Oil–water mixture	2011	SRA	PRJNA349240	SRS1890832
Gao2018	2018	10.1007/s00253-018-8766-2	Daqing Oil Field	46.60	124.90	China	industy	N2-D2-P40, N2-2-P140, N2-2-P141,  N2-D3-P77	NA	N22P140201410; 	NA	NA	petroleum reservoir	Oil–water mixture	2014	SRA	PRJNA349240	SRS1890831
Gao2018	2018	10.1007/s00253-018-8766-2	Daqing Oil Field	46.60	124.90	China	industy	N2-D2-P40, N2-2-P140, N2-2-P141,  N2-D3-P78	NA	N22P140201408; 	NA	NA	petroleum reservoir	Oil–water mixture	2014	SRA	PRJNA349240	SRS1890829
Gao2018	2018	10.1007/s00253-018-8766-2	Daqing Oil Field	46.60	124.90	China	industy	N2-D2-P40, N2-2-P140, N2-2-P141,  N2-D3-P79	NA	N22P140201406; 	NA	NA	petroleum reservoir	Oil–water mixture	2014	SRA	PRJNA349240	SRS1890828
Gao2018	2018	10.1007/s00253-018-8766-2	Daqing Oil Field	46.60	124.90	China	industy	N2-D2-P40, N2-2-P140, N2-2-P141,  N2-D3-P80	NA	N22P140201404; 	NA	NA	petroleum reservoir	Oil–water mixture	2014	SRA	PRJNA349240	SRS1890827
Gao2018	2018	10.1007/s00253-018-8766-2	Daqing Oil Field	46.60	124.90	China	industy	N2-D2-P40, N2-2-P140, N2-2-P141,  N2-D3-P81	NA	N22P140201402; 	NA	NA	petroleum reservoir	Oil–water mixture	2014	SRA	PRJNA349240	SRS1890826
Gao2018	2018	10.1007/s00253-018-8766-2	Daqing Oil Field	46.60	124.90	China	industy	N2-D2-P40, N2-2-P140, N2-2-P141,  N2-D3-P82	NA	N22P140201312; 	NA	NA	petroleum reservoir	Oil–water mixture	2013	SRA	PRJNA349240	SRS1890825
Gao2018	2018	10.1007/s00253-018-8766-2	Daqing Oil Field	46.60	124.90	China	industy	N2-D2-P40, N2-2-P140, N2-2-P141,  N2-D3-P83	NA	N22P140201302; 	NA	NA	petroleum reservoir	Oil–water mixture	2013	SRA	PRJNA349240	SRS1890787
Gao2018	2018	10.1007/s00253-018-8766-2	Daqing Oil Field	46.60	124.90	China	industy	N2-D2-P40, N2-2-P140, N2-2-P141,  N2-D3-P84	NA	N22P140201207; 	NA	NA	petroleum reservoir	Oil–water mixture	2012	SRA	PRJNA349240	SRS1890786
Gao2018	2018	10.1007/s00253-018-8766-2	Daqing Oil Field	46.60	124.90	China	industy	N2-D2-P40, N2-2-P140, N2-2-P141,  N2-D3-P85	NA	N22P140201203; 	NA	NA	petroleum reservoir	Oil–water mixture	2012	SRA	PRJNA349240	SRS1890785
Gao2018	2018	10.1007/s00253-018-8766-2	Daqing Oil Field	46.60	124.90	China	industy	N2-D2-P40, N2-2-P140, N2-2-P141,  N2-D3-P86	NA	N22P140201108; 	NA	NA	petroleum reservoir	Oil–water mixture	2011	SRA	PRJNA349240	SRS1890784
Shelton2016	2016	10.3389/fmicb.2016.01535	Cypress-Bayou Field	31.4844	92.0051	USA	industy	no	1472,8	CB1	NA	NA	oil field	Full Produced Water, Oil, Gas, Biomass	2014	SRA	PRJNA310850	SRS1296674
Shelton2016	2016	10.3389/fmicb.2016.01535	Cypress-Bayou Field	31.4862	92.0002	USA	industy	no	1485,3	CB3	NA	NA	oil field	Partial Produced Water, Oil, Gas, Biomass	2014	SRA	PRJNA310850	SRS1296663
Shelton2016	2016	10.3389/fmicb.2016.01535	Cypress-Bayou Field	31.4885	92.0003	USA	industy	no	1588	CB4	NA	NA	oil field	Partial Produced Water, Oil, Biomass	2014	SRA	PRJNA310850	SRS1296680
Shelton2016	2016	10.3389/fmicb.2016.01535	Crossroads Field	31.8795	92.4009	USA	industy	no	438,3	CR1	NA	NA	oil field	Full Produced Water, Oil, Biomass	2014	SRA	PRJNA310850	SRS1296675
Shelton2016	2016	10.3389/fmicb.2016.01535	Crossroads Field	31.8786	92.4015	USA	industy	no	439,8	CR2	NA	NA	oil field	Full Produced Water, Oil, Biomass	2014	SRA	PRJNA310850	SRS1296677
Shelton2016	2016	10.3389/fmicb.2016.01535	Crossroads Field	31.8417	92.4017	USA	industy	no	472,4	CR4	NA	NA	oil field	Full Produced Water, Oil, Biomass	2014	SRA	PRJNA310850	SRS1296678
Shelton2016	2016	10.3389/fmicb.2016.01535	Nebo-Hemphill Field	31.5787	92.1620	USA	industy	no	1208,2	NH1	NA	NA	oil field	Full Produced Water, Oil, Gas, Biomass	2014	SRA	PRJNA310850	SRS1296671
Shelton2016	2016	10.3389/fmicb.2016.01535	Nebo-Hemphill Field	31.6005	92.1547	USA	industy	no	1062,5	NH2	NA	NA	oil field	Full Produced Water, Oil, Gas, Biomass	2014	SRA	PRJNA310850	SRS1296664
Shelton2016	2016	10.3389/fmicb.2016.01535	Nebo-Hemphill Field	31.5999	92.1528	USA	industy	no	1211,9	NH3	NA	NA	oil field	Full Produced Water, Oil, Gas, Biomass	2014	SRA	PRJNA310850	SRS1296676
Shelton2016	2016	10.3389/fmicb.2016.01535	Olla Field	31.7813	92.2113	USA	industy	no	833,9	O18	NA	NA	oil field	Full Produced Water, Oil, Gas, Biomass	2014	SRA	PRJNA310850	SRS1296672
Shelton2016	2016	10.3389/fmicb.2016.01535	Olla Field	31.7936	92.2356	USA	industy	no	679,4	O26	NA	NA	oil field	Full Produced Water, Oil, Gas, Biomass	2014	SRA	PRJNA310850	SRS1296670
Shelton2016	2016	10.3389/fmicb.2016.01535	Olla Field	31.7999	92.2343	USA	industy	no	666,9	O27	NA	NA	oil field	Full Produced Water, Oil, Gas, Biomass	2014	SRA	PRJNA310850	SRS1296665
Shelton2016	2016	10.3389/fmicb.2016.01535	Olla Field	31.8246	92.2123	USA	industy	no	828,4	O3	NA	NA	oil field	Full Produced Water, Oil, Gas, Biomass	2014	SRA	PRJNA310850	SRS1296679
Shelton2016	2016	10.3389/fmicb.2016.01535	Olla Field	31.7680	92.2148	USA	industy	no	1043,6	O31	NA	NA	oil field	Full Produced Water, Oil, Gas, Biomass	2014	SRA	PRJNA310850	SRS1296673
Shelton2016	2016	10.3389/fmicb.2016.01535	Olla Field	31.7902	92.2404	USA	industy	no	856,5	O32	NA	NA	oil field	Partial Produced Water, Oil, Biomass	2014	SRA	PRJNA310850	SRS1296682
Shelton2016	2016	10.3389/fmicb.2016.01535	Olla Field	31.8086	92.2262	USA	industy	no	850,4	O4	NA	NA	oil field	Full Produced Water, Oil, Gas, Biomass	2014	SRA	PRJNA310850	SRS1296666
Shelton2016	2016	10.3389/fmicb.2016.01535	Olla Field	31.8211	92.2285	USA	industy	no	833,3	O5	NA	NA	oil field	Full Produced Water, Oil, Gas, Biomass	2014	SRA	PRJNA310850	SRS1296683
Shelton2016	2016	10.3389/fmicb.2016.01535	Olla Field	31.7958	92.2421	USA	industy	no	853,7	O6	NA	NA	oil field	Full Produced Water, Oil, Gas, Biomass	2014	SRA	PRJNA310850	SRS1296668
Shelton2016	2016	10.3389/fmicb.2016.01535	Olla Field	31.7951	92.2419	USA	industy	no	850,4	O7	NA	NA	oil field	Full Produced Water, Oil, Gas, Biomass	2014	SRA	PRJNA310850	SRS1296684
Shelton2016	2016	10.3389/fmicb.2016.01535	Olla Field	31.7939	92.2415	USA	industy	no	856,5	O8	NA	NA	oil field	Full Produced Water, Oil, Gas, Biomass	2014	SRA	PRJNA310850	SRS1296667
Shelton2016	2016	10.3389/fmicb.2016.01535	Salt Field	31.8411	92.3828	USA	industy	no	433,7	S3	NA	NA	oil field	Full Produced Water, Oil, Biomass	2014	SRA	PRJNA310850	SRS1296669
Shelton2016	2016	10.3389/fmicb.2016.01535	Tullos-Urania Field	31.8384	92.3108	USA	industy	no	393,2	TU1	NA	NA	oil field	Full Produced Water, Oil, Biomass	2014	SRA	PRJNA310850	SRS1296681
